{"accuracy": 0.87092, "precision": 0.8660826032540676, "recall": 0.8796377214586478}