{"accuracy": 0.87172, "precision": 0.8592218137254902, "recall": 0.8912369905458012}