{"accuracy": 0.87228, "precision": 0.8643910007757952, "recall": 0.8851990148565981}