{"accuracy": 0.87148, "precision": 0.8604275607505383, "recall": 0.888933026138079}