{"accuracy": 0.87128, "precision": 0.8687131050767415, "recall": 0.8768570747596727}