{"accuracy": 0.98144, "precision": 0.9858121725110842, "recall": 0.9769912918430934}